{
	"run": 1,
	"totalTime": 24.855164458,
	"personaTime": 0.20346291600000005,
	"experienceTime": 24.648095959000003,
	"nodes": 449,
	"edges": 494,
	"vectors": 264,
	"dbSizeMB": 4.05859375,
	"memoryUsedMB": 14.03276538848877
}
